VORNAME,NACHNAME,GESCHLECHT,PLZ,ORT,STRASSE,HAUSNUMMER
Andrea,Schuster,w,1004,Wien,Roseggergasse,53
Birgit,Schröder,w,1015,Wien,Mühlgasse,45
Ralf,Köhler,m,1018,Wien,Klostergasse,66
Michael,Neumann,m,1022,Wien,Dammweg,39
Ulrike,Ludwig,w,1022,Wien,Bergweg,24
Werner,Müller,m,1025,Wien,Uferstraße,5
Siegfried,Krüger,m,1026,Wien,Schulgasse,99
Walter,Kühn,m,1030,Wien,Wassergasse,44
Ingeborg,Meier,w,1030,Wien,Dorfstraße,56
Martina,Haas,w,1034,Wien,Friedhofstraße,46
Andrea,Pfeiffer,w,1039,Wien,Wassergasse,85
Martin,Möller,m,1043,Wien,Angerweg,38
Gertrud,Haas,w,1045,Wien,Weidenweg,18
Willi,Köhler,m,1045,Wien,Obere Hauptstraße,97
Kurt,Roth,m,1046,Wien,Salzburger Straße,13
Elfriede,Schmidt,w,1052,Wien,Hauptstraße,31
Rudolf,Schäfer,m,1053,Wien,Feldgasse,16
Ute,Hofmann,w,1070,Wien,Schulweg,88
Bernd,Hoffmann,m,1080,Wien,Gartenweg,36
Ulrich,Schuster,m,1082,Wien,Landstraße,1
Jürgen,Lehmann,m,1090,Wien,Waldstraße,50
Helga,Schneider,w,1092,Wien,Neugasse,16
Elfriede,Thomas,w,1107,Wien,Burggasse,28
Inge,Koch,w,1109,Wien,Kurze Gasse,23
Bernhard,Müller,m,1116,Wien,Jägerweg,54
Ilse,Albrecht,w,1117,Wien,Ahornstraße,16
Helga,Arnold,w,1120,Wien,Eschenweg,99
Angelika,Thomas,w,1128,Wien,Mühlweg,98
Rolf,Engel,m,1130,Wien,Angergasse,26
Margarete,Vogt,w,1132,Wien,Friedhofweg,91
Anna,Vogel,w,1134,Wien,Sportplatzweg,30
Matthias,Maler,m,1136,Wien,Tulpengasse,3
Stefan,Köhler,m,1142,Wien,Salzburger Straße,10
Matthias,Hofmann,m,1142,Wien,Flurstraße,44
Stefan,Berger,m,1144,Wien,Römerstraße,96
Martina,Bauer,w,1144,Wien,Untere Hauptstraße,75
Karin,Horn,w,1147,Wien,Raiffeisenstraße,19
Maria,Vogt,w,1150,Wien,Buchengasse,63
Claudia,Stein,w,1150,Wien,Mühlweg,5
Werner,Böhm,m,1162,Wien,Tannenweg,29
Ingeborg,Schneider,w,1165,Wien,Ringstraße,77
Alexander,Schubert,m,1166,Wien,Fichtenstraße,31
Erich,Günther,m,1173,Wien,Blumenweg,53
Karl-Heinz,Kaiser,m,1174,Wien,Schubertstraße,64
Martin,Sommer,m,1182,Wien,Johannesgasse,76
Hermann,Günther,m,1183,Wien,Gewerbestraße,91
Josef,Schwarz,m,1190,Wien,Föhrenweg,31
Alfred,Jäger,m,1196,Wien,Flurgasse,75
Dieter,Walter,m,1196,Wien,Ahornweg,55
Ursula,Müller,w,1200,Wien,Neugasse,3
Norbert,Müller,m,1203,Wien,Lindengasse,43
Peter,Schumacher,m,1203,Wien,Sandgasse,93
Norbert,Simon,m,1205,Wien,Wiesengasse,10
Norbert,Baumann,m,1205,Wien,Quergasse,48
Siegfried,Müller,m,1210,Wien,Dorfstraße,30
Helga,Simon,w,1210,Wien,Badgasse,12
Anja,Schröder,w,1210,Wien,Parkweg,22
Irmgard,Krüger,w,1212,Wien,Dammstraße,96
Hannelore,Hofmann,w,1220,Wien,Heideweg,17
Alfred,Schulte,m,1220,Wien,Au,95
Christine,Schmidt,w,1222,Wien,Eichenstraße,98
Willi,Becker,m,1301,Wien,Grenzweg,12
Jörg,Koch,m,1402,Wien,Flurweg,35
Markus,Baumann,m,1423,Wien,Fischergasse,7
Inge,Albrecht,w,1810,Wien,Wiesenweg,44
Hannelore,Braun,w,2000,Stockerau,Sonnenweg,55
Markus,Kraus,m,2011,Sierndorf,Rosenweg,20
Andreas,Krause,m,2014,Breitenwaida,Marktstraße,41
Helga,Stein,w,2020,Hollabrunn,Waldgasse,65
Doris,Kraus,w,2032,Enzersdorf im Thale,Siedlungsstraße,34
Günter,Engel,m,2034,Großharras,Teichgasse,67
Günter,Weiß,m,2041,Wullersdorf,Grillparzerstraße,2
Hildegard,Krämer,w,2051,Zellerndorf,Kirchplatz,40
Ingeborg,Schröder,w,2052,Pernersdorf-Pfaffendorf,Feldstraße,68
Ute,Peters,w,2062,Seefeld-Großkadolz,Bundesstraße,98
Edith,Kaiser,w,2064,Wulzeshofen,Brunnenweg,71
Inge,Götz,w,2064,Wulzeshofen,Bachweg,50
Doris,Hofmann,w,2070,Retz,Bahngasse,35
Heinrich,Lehmann,m,2083,Pleißing,Pfarrgasse,9
Renate,Winter,w,2095,Drosendorf,Westautobahn,78
Heinz,Beck,m,2104,Spillern,Arbeitergasse,53
Martina,Brandt,w,2104,Spillern,Grabenweg,4
Johann,Lange,m,2104,Spillern,Siedlungsstraße,6
Marion,Wagner,w,2114,Großrußbach,Kurze Gasse,38
Angelika,Schubert,w,2114,Großrußbach,Brunnenweg,93
Anneliese,Schmitt,w,2125,Neubau,Nelkengasse,3
Frank,Schulte,m,2128,Wolfpassing,Kirchgasse,7
Anneliese,Krämer,w,2128,Wolfpassing,Erlengasse,90
Karin,Weber,w,2136,Laa an der Thaya,Grenzgasse,4
Herbert,Arnold,m,2141,Ameis,Schulgasse,20
Karl-Heinz,Roth,m,2162,Falkenstein,Hauptstraße,36
Anja,Hoffmann,w,2165,Drasenhofen,Roseggerstraße,21
Angelika,Neumann,w,2173,Kleinhadersdorf,Roseggerstraße,90
Joachim,Schmid,m,2184,Hauskirchen,Friedhofstraße,6
Anneliese,Beck,w,2201,Gerasdorf,Wiesenweg,40
Peter,Fuchs,m,2213,Bockfließ,Teichstraße,25
Karl-Heinz,Schröder,m,2241,Schönkirchen,Schulgasse,20
Matthias,König,m,2241,Schönkirchen,Blumenweg,1
Ingrid,Kühn,w,2242,Prottes,Am Sonnenhang,36
Klaus,Schulz,m,2251,Ebenthal,Akazienweg,86
Waltraud,Schmidt,w,2252,Ollersdorf,Eichenstraße,22
Helmut,Schulze,m,2253,Weikendorf,Moos,85
Thomas,Pfeiffer,m,2261,Angern an der March,Herrengasse,57
Heinz,Groß,m,2261,Angern an der March,Inntal Autobahn,18
Karin,Mader,w,2262,Stillfried,Hauptplatz,30
Georg,Schreiber,m,2274,Rabensburg,Bahnhofplatz,35
Günter,Schulte,m,2283,Obersiebenbrunn,Bäckergasse,48
Anneliese,Wolf,w,2285,Leopoldsdorf im Marchfelde,Bachstraße,16
Jürgen,Günther,m,2293,Marchegg Stadt,Jägerweg,84
Heinz,Schneider,m,2293,Marchegg Stadt,Herrengasse,87
Jürgen,Schuster,m,2301,Groß-Enzersdorf,Am Berg,23
Erich,Möller,m,2305,Eckartsau,Badstraße,9
Jörg,Müller,m,2324,Schwechat-Rannersdorf,Römerweg,97
Doris,Schmitt,w,2324,Schwechat-Rannersdorf,Brunnenweg,67
Siegfried,Schulz,m,2325,Himberg,Wiener Straße,16
Manfred,Kraus,m,2325,Himberg,Römerweg,95
Thomas,Meyer,m,2331,Vösendorf,Schubertgasse,37
Maria,Busch,w,2332,Hennersdorf,Sonnenweg,56
Kurt,Koch,m,2346,Maria Enzersdorf-Südstadt,Dorf,96
Margarete,Vogel,w,2352,Gumpoldskirchen,Tiroler Straße,29
Alexander,Haas,m,2356,Wiener Neudorf,Flurgasse,2
Franz,Peters,m,2372,Gießhübl,Kirchenstraße,72
Sabine,Mader,w,2380,Perchtoldsdorf,Nelkengasse,70
Werner,Schröder,m,2381,Laab im Walde,Dorf,32
Karin,Keller,w,2382,Perchtoldsdorf,Badstraße,28
Karl-Heinz,Winkler,m,2382,Perchtoldsdorf,Friedhofweg,84
Andrea,Martin,w,2402,Maria Ellend,Römerweg,85
Werner,Dietrich,m,2406,Haslau an der Donau,Wiesenweg,54
Barbara,Lang,w,2410,Hainburg an der Donau,Friedhofweg,1
Stefan,Zimmermann,m,2413,Berg,Sackgasse,34
Helga,Bergmann,w,2422,Pama,Jägersteig,2
Hans,Graf,m,2423,Deutsch Jahrndorf,Blumenweg,96
Wilhelm,Seidel,m,2434,Götzendorf an der Leitha,Bahngasse,76
Inge,Walter,w,2434,Götzendorf an der Leitha,Flurweg,12
Bernd,Klein,m,2441,Mitterndorf an der Fischa,Inntal Autobahn,11
Elfriede,Kraus,w,2444,Seibersdorf,Roseggergasse,96
Klaus,Sauer,m,2451,Hof am Leithaberge,Bergweg,1
Maria,Frank,w,2452,Mannersdorf am Leithagebirge,Mühlweg,24
Ruth,Schmitt,w,2460,Bruck an der Leitha,Grabenweg,11
Monika,Jung,w,2460,Bruck an der Leitha,Dorfstraße,67
Christa,Mayer,w,2460,Bruck an der Leitha,Mozartstraße,60
Norbert,König,m,2462,Wilfleinsdorf,Erlenweg,33
Andreas,Beck,m,2464,Göttlesbrunn,Dorfstraße,78
Beate,Lorenz,w,2472,Prellenkirchen,Kreuzweg,0
Birgit,Müller,w,2472,Prellenkirchen,Blumengasse,60
Monika,Richter,w,2473,Potzneusiedl,Graben,71
Gabriele,Hartmann,w,2475,Neudorf,Wiesenweg,72
Heinz,Lange,m,2482,Münchendorf,Ahornweg,15
Karl-Heinz,Frank,m,2483,Ebreichsdorf,Inntal Autobahn,80
Kerstin,Meyer,w,2490,Ebenfurth,Buchenstraße,83
Birgit,Krüger,w,2491,Neufeld an der Leitha,Dorfstraße,78
Hannelore,Krause,w,2492,Eggendorf,Schmiedgasse,67
Helga,Beck,w,2504,Sooß,Marktstraße,25
Beate,Peters,w,2505,Baden-Leesdorf,Sportplatzweg,85
Rudolf,Richter,m,2505,Baden-Leesdorf,Schulstraße,46
Hermann,Müller,m,2522,Oberwaltersdorf,Angergasse,31
Horst,Huber,m,2523,Tattendorf,Kirchenstraße,30
Thomas,Herrmann,m,2525,Günselsdorf,Industriestraße,61
Barbara,Winkler,w,2533,Klausen-Leopoldsdorf,Austraße,15
Kurt,Kühn,m,2551,Enzesfeld-Lindabrunn,Dammweg,95
Dieter,Schmid,m,2565,Neuhaus,Schubertstraße,79
Helmut,Müller,m,2571,Altenmarkt-Thenneberg,Sportplatzgasse,57
Ingrid,Voigt,w,2604,Theresienfeld,Moosweg,44
Irmgard,Müller,w,2680,Semmering,Moos,31
Susanne,Winter,w,2702,Wiener Neustadt,Kirchengasse,25
Inge,Pfeiffer,w,2702,Wiener Neustadt,Berggasse,36
Anja,Krause,w,2705,Wiener Neustadt,Rosengasse,36
Renate,Braun,w,2707,Wiener Neustadt,Klostergasse,87
Manfred,Friedrich,m,2707,Wiener Neustadt,Rosenweg,42
Angelika,Ludwig,w,2722,Winzendorf,Weinbergstraße,42
Alfred,Sommer,m,2724,Hohe Wand-Stollhof,Erlengasse,11
Anneliese,Schmidt,w,2731,St. Egyden am Steinfeld,Jägersteig,96
Kerstin,Meier,w,2733,Grünbach am Schneeberg,Alte Straße,14
Ulrike,Schmidt,w,2734,Puchberg am Schneeberg,Bachgasse,11
Karl-Heinz,Müller,m,2754,Waldegg,Bergstraße,51
Hans,Herrmann,m,2763,Pernitz,Jägerweg,87
Marianne,Ziegler,w,2770,Gutenstein,Dammstraße,51
Beate,Schulte,w,2801,Katzelsdorf,Alte Straße,96
Karl-Heinz,Voigt,m,2802,Hochwolkersdorf,Waldstraße,40
Anja,Müller,w,2803,Schwarzenbach,Kirchplatz,88
Joachim,Winkler,m,2811,Wiesmath,Amselweg,22
Martin,Berger,m,2813,Lichtenegg,Feldgasse,80
Gertrud,Schröder,w,2821,Lanzenkirchen,Brunnenweg,83
Gerhard,Berger,m,2824,Seebenstein,Finkenweg,57
Petra,Pohl,w,2833,Bromberg,Weidengasse,64
Ingeborg,Wolf,w,2842,Edlitz,Ahornweg,55
Jutta,Lorenz,w,2842,Edlitz,Bäckergasse,91
Ursula,Maler,w,2852,Hochneukirchen,Sportplatzstraße,58
Martin,Maier,m,2853,Bad Schönau,Angerweg,10
Gabriele,Schumacher,w,2871,Zöbern,Tannenweg,69
Monika,Franke,w,2872,Mönichkirchen,Parkweg,90
Ulrike,Engel,w,3002,Purkersdorf,Erlengasse,50
Matthias,Hahn,m,3003,Gablitz,Brunnenweg,66
Susanne,Voigt,w,3003,Gablitz,Marktplatz,60
Helga,Winkler,w,3033,Altlengbach,Finkenweg,67
Norbert,Keller,m,3034,Maria Anzbach,Bahngasse,98
Barbara,Kühn,w,3042,Würmla,Kirchenweg,95
Renate,Brandt,w,3073,Stössing,Dorfplatz,50
Ulrike,Albrecht,w,3101,St. Pölten Postfach,Verbindungsweg,4
Michael,Müller,m,3103,St. Pölten,Westautobahn,14
Christine,Müller,w,3106,St. Pölten-Spratzern,Getreidegasse,58
Thomas,Schubert,m,3110,Neidling,Linzer Straße,43
Gabriele,Walter,w,3133,Traismauer,Lerchengasse,46
Stefan,Arnold,m,3133,Traismauer,Erlengasse,57
Rolf,Winkler,m,3140,Pottenbrunn,Siedlungsstraße,32
Alexander,Franke,m,3151,St. Georgen am Steinfelde,Blumengasse,90
Brigitte,Schneider,w,3151,St. Georgen am Steinfelde,Lindenstraße,88
Ute,Graf,w,3160,Traisen,Schulstraße,75
Klaus,Arnold,m,3160,Traisen,Eichenweg,33
Christa,Walter,w,3162,Rainfeld,Flurgasse,34
Bernhard,Bergmann,m,3170,Hainfeld,Schillerstraße,63
Ulrike,Heinrich,w,3193,St. Aegyd am Neuwalde,Kirchenplatz,68
Andrea,Lorenz,w,3193,St. Aegyd am Neuwalde,Markt,81
Joachim,Schulze,m,3211,Loich,Angerweg,35
Petra,Zimmermann,w,3223,Wienerbruck,Stelzhamerstraße,8
Gertrud,Heinrich,w,3253,Erlauf,Am Anger,87
Siegfried,Schmitt,m,3261,Steinakirchen am Forst,Sportplatzgasse,100
Stefan,Jäger,m,3282,St. Georgen an der Leys,Jägerweg,80
Herbert,Baumann,m,3283,St. Anton an der Jeßnitz,Lärchenweg,16
Manfred,Fischer,m,3295,Lackenhof,Heideweg,30
Hildegard,Ziegler,w,3305,Amstetten,Eichengasse,31
Christine,Dietrich,w,3311,Zeillern,Blumengasse,51
Kerstin,Krause,w,3313,Wallsee,Inntal Autobahn,66
Waltraud,Baumann,w,3324,Euratsfeld,Am Anger,70
Josef,Meyer,m,3325,Ferschnitz,Uferweg,70
Alexander,Wolf,m,3332,Rosenau am Sonntagberg,Sportplatzgasse,32
Anna,Horn,w,3333,Böhlerwerk,Berggasse,67
Walter,Krämer,m,3334,Gaflenz,Alte Straße,58
Alexander,Martin,m,3340,Waidhofen an der Ybbs,Birkenstraße,67
Norbert,Schumacher,m,3341,Ybbsitz,Lärchenweg,8
Walter,Keller,m,3345,Göstling an der Ybbs,Fischergasse,95
Ute,Richter,w,3362,Mauer-Öhling,Ahornweg,85
Elke,Schwarz,w,3364,Neuhofen an der Ybbs,Angerweg,87
Anneliese,Thomas,w,3372,Blindenmarkt,Friedhofstraße,17
Günter,Roth,m,3373,Kemmelbach,Fischergasse,24
Anna,Lorenz,w,3374,Säusenstein,Brunnengasse,72
Ingrid,Schumacher,w,3380,Pöchlarn,Flurstraße,78
Claudia,Herrmann,w,3383,Hürm,Finkenweg,63
Waltraud,Lorenz,w,3383,Hürm,Fichtenstraße,89
Frank,Zimmermann,m,3385,Prinzersdorf,Teichweg,54
Siegfried,Jung,m,3390,Melk,Johannesgasse,42
Waltraud,Meyer,w,3392,Schönbühel an der Donau,Grazer Straße,12
Uwe,Scholz,m,3393,Matzleinsdorf,Markt,95
Christine,Schulze,w,3393,Matzleinsdorf,Lindenweg,39
Wilhelm,Mayer,m,3421,Höflein an der Donau,Donauradweg,89
Christa,Schmidt,w,3422,Greifenstein,Haydngasse,58
Jutta,Simon,w,3441,Judenau,Sonnenweg,50
Anna,Kraus,w,3441,Judenau,Jägerweg,28
Anna,Fuchs,w,3442,Langenrohr,Teichgasse,8
Christian,Pfeiffer,m,3443,Sieghartskirchen,Eichenweg,83
Gerda,Hahn,w,3454,Sitzenberg-Reidling,Kirchenweg,25
Andreas,Bauer,m,3455,Heiligeneich,Bachstraße,55
Marion,Schulz,w,3455,Heiligeneich,Feldstraße,98
Helmut,Jung,m,3462,Absdorf,Feldweg,49
Sabine,Kaiser,w,3465,Königsbrunn am Wagram,Weidenweg,78
Jörg,Beck,m,3471,Großriedenthal,Erlengasse,69
Edith,Bauer,w,3473,Mühlbach am Manhartsberg,Kreuzweg,67
Andreas,Müller,m,3484,Grafenwörth,Brunnenweg,63
Norbert,Möller,m,3491,Straß im Straßertale,Alte Bundesstraße,29
Joachim,Schuster,m,3491,Straß im Straßertale,Grenzgasse,9
Stefan,Schuster,m,3500,Krems an der Donau,Rathausplatz,90
Hans,Werner,m,3506,Krems-Hollenburg,Lindenweg,54
Walter,Dietrich,m,3509,Krems,Mitterweg,49
Alexander,Thomas,m,3511,Furth bei Göttweig,Dammweg,47
Anneliese,Kuhn,w,3512,Mautern,Feldstraße,22
Christian,Horn,m,3522,Lichtenau,Erlengasse,34
Thomas,König,m,3524,Grainbrunn,Kirchgasse,19
Maria,Schreiber,w,3544,Idolsberg,Moos,54
Erich,Huber,m,3561,Zöbing,Postgasse,62
Helmut,Albrecht,m,3564,Plank am Kamp,Brunnenweg,90
Helmut,Stein,m,3571,Gars am Kamp,Verbindungsweg,21
Martina,Huber,w,3571,Gars am Kamp,Friedhofgasse,45
Uwe,König,m,3573,Rosenburg,Fasangasse,6
Ute,Baumann,w,3580,Horn,Grenzweg,38
Kerstin,Schmidt,w,3580,Horn,Linzer Straße,25
Heike,Beck,w,3591,Altenburg,Gartengasse,10
Margarete,Schulze,w,3595,Brunn an der Wild,Bundesstraße,40
Martina,Schmidt,w,3595,Brunn an der Wild,Hubertusweg,89
Anneliese,Baumann,w,3601,Dürnstein,Teichstraße,68
Willi,Schulze,m,3601,Dürnstein,Mühlgasse,51
Margarete,Hartmann,w,3611,Großheinrichschlag,Verbindungsweg,48
Anna,Schubert,w,3620,Spitz,Dammweg,83
Wolfgang,Engel,m,3621,Mitterarnsdorf,Mozartgasse,22
Birgit,Lange,w,3623,Kottes,Kirchweg,20
Walter,Hartmann,m,3623,Kottes,Wiesengasse,51
Christa,Voigt,w,3631,Ottenschlag,Mozartstraße,86
Inge,Bauer,w,3641,Aggsbach Markt,Grabenweg,25
Elisabeth,Krause,w,3641,Aggsbach Markt,Bäckergasse,77
Thomas,Meier,m,3650,Pöggstall,Alte Straße,74
Ingeborg,Möller,w,3654,Raxendorf,Dorfplatz,22
Rainer,Kuhn,m,3671,Marbach an der Donau,Tiroler Straße,38
Erika,Busch,w,3671,Marbach an der Donau,Gartenweg,14
Manfred,Krüger,m,3671,Marbach an der Donau,Rosenweg,65
Edith,Scholz,w,3680,Persenbeug,Birkengasse,63
Gisela,Lange,w,3684,St. Oswald,Bergstraße,15
Kurt,Neumann,m,3684,St. Oswald,Sandgasse,76
Uwe,Pfeiffer,m,3702,Niederrußbach,Römerstraße,47
Marion,Hofmann,w,3710,Ziersdorf,Gartenweg,43
Willi,Kühn,m,3711,Großmeiseldorf,Au,4
Christa,Schmitt,w,3743,Röschitz,Graben,92
Wolfgang,Krause,m,3744,Stockern,Parkweg,91
Georg,Arnold,m,3754,Irnfritz,Am Anger,43
Susanne,Lang,w,3754,Irnfritz,Hochstraße,21
Günter,Schmidt,m,3754,Irnfritz,Kirchenstraße,12
Anja,Walter,w,3762,Ludweis,Mühlweg,48
Walter,Arnold,m,3800,Göpfritz an der Wild,Uferweg,53
Josef,Busch,m,3804,Allentsteig,Wiesenstraße,37
Thomas,Keller,m,3814,Aigen,Akazienweg,72
Bernd,Götz,m,3820,Raabs an der Thaya,Teichstraße,69
Christine,Vogel,w,3830,Waidhofen an der Thaya,Postgasse,26
Hermann,Schäfer,m,3834,Pfaffenschlag bei Waidhofen an der Thaya,Hubertusweg,55
Christian,Richter,m,3841,Windigsteig,Buchenweg,67
Elisabeth,Müller,w,3842,Thaya,Kreuzweg,56
Irmgard,Weiß,w,3843,Dobersberg,Mühlgasse,57
Barbara,Schmidt,w,3844,Waldkirchen an der Thaya,Sportplatzstraße,89
Doris,Bergmann,w,3852,Gastern,Teichgasse,11
Monika,Müller,w,3872,Langegg,Mozartgasse,62
Franz,Richter,m,3874,Litschau,Schlossgasse,85
Jörg,Hofmann,m,3902,Vitis,Süd Autobahn,66
Elke,Baumann,w,3903,Echsenbach,Föhrenweg,94
Michael,Jung,m,3910,Zwettl,Auweg,57
Marianne,Beck,w,3910,Zwettl,Schubertgasse,5
Frank,Günther,m,3913,Großgöttfritz,Grillparzerstraße,30
Gisela,Fischer,w,3921,Langschlag,Fasangasse,92
Gabriele,Vogt,w,3924,Rosenau Schloß,Verbindungsweg,21
Claudia,Graf,w,3925,Arbesbach,Uferweg,73
Werner,Schwarz,m,3925,Arbesbach,Badstraße,53
Kurt,Müller,m,3931,Schweiggers,Siedlungsstraße,73
Birgit,Schmidt,w,3944,Pürbach,Tiroler Straße,78
Ute,Schmidt,w,3944,Pürbach,Hauptplatz,67
Christian,Kaiser,m,3945,Hoheneich,Gewerbestraße,80
Günter,Graf,m,3950,Gmünd,Dorfplatz,75
Ulrike,Hahn,w,3962,Heinrichs bei Weitra,Florianigasse,39
Ingeborg,Ludwig,w,3973,Karlstift,Buchengasse,73
Gabriele,Wolf,w,4000,Allhaming,Feldgasse,30
Kerstin,Fischer,w,4000,Allhaming,Kirchengasse,24
Peter,Lang,m,4013,Linz, Donau,Waldstraße,33
Ilse,Peters,w,4013,Linz, Donau,Eichenstraße,64
Frank,Müller,m,4016,Linz, Donau,Blumengasse,24
Ralf,Albrecht,m,4020,Linz,Teichweg,56
Heike,Berger,w,4020,Linz,Feldgasse,31
Franz,Kuhn,m,4020,Linz,Hauptplatz,68
Doris,Schreiber,w,4020,Linz,Grenzgasse,84
Christine,Groß,w,4025,Linz, Donau,Leitenweg,58
Beate,Mayer,w,4026,Linz, Donau,Kellergasse,72
Hildegard,Frank,w,4030,Linz,Teichweg,9
Margarete,Schmidt,w,4032,Linz,Sportplatzweg,62
Irmgard,Thomas,w,4036,Linz,Markt,77
Edith,Jäger,w,4040,Linz,Wiesengasse,57
Alfred,Kraus,m,4040,Linz,Blumenweg,38
Hermann,Kühn,m,4060,Leonding,Rosengasse,100
Bernd,Herrmann,m,4064,Oftering,Buchenstraße,56
Ulrike,Jung,w,4069,Leonding,Seestraße,44
Rolf,Dietrich,m,4070,Eferding,Tiroler Straße,76
Rainer,Klein,m,4073,Wilhering,Mozartgasse,6
Angelika,Mayer,w,4076,St. Marienkirchen an der Polsenz,Bergstraße,21
Horst,Zimmermann,m,4077,Straßham,Grenzgasse,2
Rolf,Richter,m,4081,Hartkirchen,Lärchenweg,99
Rolf,Weber,m,4081,Hartkirchen,Kreuzweg,39
Anneliese,Lang,w,4091,Vichtenstein,Grazer Straße,56
Uwe,Maier,m,4100,Ottensheim,Kapellenweg,29
Ingrid,Herrmann,w,4100,Ottensheim,Verbindungsweg,68
Jörg,Weiß,m,4112,Rottenegg,Fischerweg,90
Doris,Baumann,w,4121,Altenfelden,Gartenweg,64
Markus,Huber,m,4132,Lembach im Mühlkreis,Herrengasse,98
Jürgen,Schmidt,m,4133,Niederkappel,Getreidegasse,34
Gabriele,Schmidt,w,4142,Hofkirchen im Mühlkreis,Kellergasse,6
Alexander,Maier,m,4143,Neustift im Mühlkreis,Feldweg,13
Birgit,Becker,w,4144,Oberkappel,Austraße,43
Brigitte,Wagner,w,4151,Oepping,Inntal Autobahn,3
Heinz,Lang,m,4153,Peilstein im Mühlviertel,Siedlungsstraße,39
Hans,Müller,m,4155,Nebelberg,Schubertgasse,62
Martina,Zimmermann,w,4160,Aigen im Mühlkreis,Angergasse,32
Andrea,Schröder,w,4164,Schwarzenberg am Böhmerwald,Teichgasse,73
Wolfgang,Klein,m,4180,Zwettl an der Rodl,Florianigasse,42
Gisela,Friedrich,w,4180,Zwettl an der Rodl,Bergweg,85
Matthias,Herrmann,m,4183,Traberg,Jägersteig,20
Heike,Pfeiffer,w,4184,Helfenberg,Feldgasse,25
Claudia,Huber,w,4190,Bad Leonfelden,Linzer Straße,12
Christa,Lang,w,4190,Bad Leonfelden,Kirchenstraße,17
Wolfgang,Schmidt,m,4191,Vorderweißenbach,Weidengasse,78
Kurt,Lang,m,4201,Gramastetten,Buchengasse,28
Willi,Günther,m,4203,Altenberg bei Linz,Bahnstraße,75
Rolf,Kraus,m,4211,Alberndorf in der Riedmark,Wiesenweg,1
Ute,Jung,w,4212,Neumarkt im Mühlkreis,Gewerbestraße,3
Hermann,Lange,m,4221,Steyregg,Untere Hauptstraße,46
Rudolf,Müller,m,4222,St. Georgen an der Gusen,Bahnweg,28
Helga,Schmid,w,4223,Katsdorf,Raiffeisenstraße,23
Norbert,Wagner,m,4263,Windhaag bei Freistadt,Ahornweg,68
Erika,Schmid,w,4264,Grünbach,Mozartstraße,89
Alfred,Busch,m,4272,Weitersfelden,Kurze Gasse,51
Marianne,König,w,4283,Bad Zell,Römerweg,43
Ulrich,Müller,m,4292,Kefermarkt,Schmiedgasse,40
Günter,Zimmermann,m,4293,Gutau,Bachgasse,15
Barbara,Lehmann,w,4312,Ried in der Riedmark,Postgasse,24
Elfriede,Vogel,w,4312,Ried in der Riedmark,Industriestraße,25
Karin,Schäfer,w,4332,Au an der Donau,Teichstraße,67
Wolfgang,Schuster,m,4343,Mitterkirchen,Fichtenweg,67
Anja,Vogt,w,4363,Pabneukirchen,Burggasse,40
Hildegard,Jung,w,4364,St. Thomas,Gartengasse,21
Ute,Vogel,w,4371,Dimbach,Am Anger,6
Inge,Herrmann,w,4371,Dimbach,Austraße,94
Bernd,Meier,m,4402,Steyr,Blumengasse,55
Gerda,Schreiber,w,4421,Aschach an der Steyr,Uferweg,60
Sabine,Frank,w,4421,Aschach an der Steyr,Am Sonnenhang,69
Rudolf,Lorenz,m,4421,Aschach an der Steyr,Alte Straße,17
Rainer,Hoffmann,m,4452,Ternberg,Weidengasse,70
Siegfried,Schubert,m,4453,Trattenbach,Badstraße,30
Karl-Heinz,Mayer,m,4463,Großraming,Feldweg,10
Waltraud,Keller,w,4470,Enns,Mitterweg,22
Sabine,Heinrich,w,4483,Hargelsberg,Johannesgasse,13
Erich,Müller,m,4484,Kronstorf,Tulpenweg,74
Christa,Hartmann,w,4484,Kronstorf,Au,56
Heinrich,Bergmann,m,4490,St. Florian,Brunnengasse,7
Ruth,Fuchs,w,4491,Niederneukirchen,Wiesenstraße,6
Maria,Winter,w,4492,Hofkirchen im Traunkreis,Markt,97
Helga,Mader,w,4511,Allhaming,Ahornstraße,39
Ingeborg,Schmidt,w,4532,Rohr im Kremstal,Birkengasse,27
Gerda,Mayer,w,4532,Rohr im Kremstal,Verbindungsweg,90
Jutta,Krause,w,4541,Adlwang,Gewerbestraße,74
Klaus,Scholz,m,4542,Nußbach,Hochstraße,39
Sabine,Friedrich,w,4542,Nußbach,Auweg,53
Ute,Ziegler,w,4550,Kremsmünster,Römerweg,42
Elisabeth,Schulz,w,4560,Kirchdorf an der Krems,Mozartstraße,13
Werner,Hartmann,m,4564,Klaus an der Pyhrnbahn,Blumengasse,54
Johann,Weiß,m,4573,Hinterstoder,Blumenweg,51
Hermann,Thomas,m,4574,Vorderstoder,Bachstraße,53
Monika,Maler,w,4591,Molln,Salzburger Straße,98
Anja,Baumann,w,4591,Molln,Hoferweg,67
Helga,König,w,4592,Leonstein,Ahornstraße,64
Susanne,Fischer,w,4600,Wels,Ringstraße,91
Manfred,Schäfer,m,4601,Wels,Bergstraße,14
Frank,Bergmann,m,4602,Wels Postfach,Waldgasse,63
Alfred,Ziegler,m,4605,Wels,Alte Straße,55
Irmgard,Ludwig,w,4607,Wels,Mozartgasse,92
Ulrike,Hoffmann,w,4610,Wels,Weinbergstraße,57
Hildegard,Meier,w,4614,Marchtrenk,Wiesenweg,20
Helga,Becker,w,4618,Höllwiesen,Quellenweg,94
Susanne,Meier,w,4642,Sattledt,Parkweg,50
Günter,Pohl,m,4642,Sattledt,Angergasse,86
Brigitte,Peters,w,4651,Stadl-Paura,Tulpengasse,60
Heike,Becker,w,4652,Steinerkirchen an der Traun,Schloßweg,88
Siegfried,Hartmann,m,4653,Eberstalzell,Arbeitergasse,49
Stefan,Beck,m,4653,Eberstalzell,Höhenstraße,16
Edith,Schmidt,w,4654,Bad Wimsbach-Neydharting,Schillerstraße,34
Claudia,Schmidt,w,4656,Kirchham,Mühlgasse,69
Christian,Schröder,m,4657,Fischlham,Verbindungsweg,76
Ralf,Müller,m,4662,Steyrermühl,Roseggerstraße,4
Brigitte,Albrecht,w,4664,Oberweis,Kreuzweg,47
Ralf,Becker,m,4681,Rottenbach,Birkengasse,24
Willi,König,m,4682,Geboltskirchen,Grazer Straße,71
Monika,Groß,w,4693,Desselbrunn,Kirchengasse,16
Uwe,Neumann,m,4701,Bad Schallerbach,Eichenweg,58
Martin,Schubert,m,4702,Wallern an der Trattnach,Lerchengasse,7
Sabine,Roth,w,4702,Wallern an der Trattnach,Landstraße,63
Claudia,Müller,w,4710,Grieskirchen,Graben,55
Karl,Müller,m,4715,Taufkirchen an der Trattnach,Wassergasse,44
Brigitte,Mader,w,4715,Taufkirchen an der Trattnach,Kirchplatz,97
Gisela,Busch,w,4716,Hofkirchen an der Trattnach,Buchenstraße,49
Irmgard,Weber,w,4716,Hofkirchen an der Trattnach,Kellergasse,50
Renate,Mader,w,4725,St. Aegidi,Rosenweg,49
Siegfried,Hofmann,m,4751,Dorf,Kirchweg,19
Christa,Wolf,w,4754,Andrichsfurt,Parkgasse,98
Peter,Schubert,m,4755,Zell an der Pram,Hubertusweg,39
Brigitte,Kaiser,w,4762,St. Willibald,Schloßweg,15
Hans,Lang,m,4762,St. Willibald,Buchengasse,84
Elke,Lange,w,4772,Lambrechten,Rathausplatz,32
Sandra,Winter,w,4774,St. Marienkirchen bei Schärding,Höhenstraße,84
Dieter,Schmitt,m,4776,Diersbach,Friedhofgasse,47
Christa,Horn,w,4784,Schardenberg,Birkengasse,12
Helga,Schumacher,w,4785,Freinberg,Eichenweg,90
Frank,Weiß,m,4794,Kopfing im Innkreis,Getreidegasse,28
Bernd,Haas,m,4801,Traunkirchen,Schulweg,82
Hans,Schreiber,m,4801,Traunkirchen,Alte Bundesstraße,7
Marianne,Roth,w,4814,Neukirchen,Tannenweg,13
Rudolf,Lang,m,4817,St. Konrad,Salzburger Straße,70
Anja,Bauer,w,4821,Lauffen,Herrengasse,87
Joachim,Lang,m,4823,Steeg,Fasangasse,66
Ingeborg,Fuchs,w,4829,Bad Ischl,Teichgasse,59
Helmut,Schreiber,m,4830,Hallstatt,Badgasse,96
Thomas,Thomas,m,4831,Obertraun,Florianigasse,92
Marion,Sauer,w,4839,Vöcklabruck,Sportplatzweg,85
Erich,Fuchs,m,4846,Redlham,Hangweg,17
Sandra,Hartmann,w,4846,Redlham,Waldstraße,86
Frank,Huber,m,4849,Puchkirchen am Trattberg,Blumengasse,93
Helga,Meier,w,4852,Weyregg am Attersee,Berggasse,36
Gerda,Wolf,w,4853,Steinbach am Attersee,Bundesstraße,50
Alfred,Schröder,m,4853,Steinbach am Attersee,Salzburger Straße,99
Karl,Kaiser,m,4861,Schörfling,Lärchenweg,9
Edith,König,w,4866,Unterach,Jägersteig,53
Klaus,Meier,m,4866,Unterach,Dorfplatz,22
Werner,Jäger,m,4870,Vöcklamarkt,Gartenstraße,19
Norbert,Klein,m,4875,Redleiten,Kirchplatz,57
Georg,Weiß,m,4882,Oberwang,Kirchenweg,70
Herbert,Jäger,m,4894,Oberhofen am Irrsee,Badgasse,92
Erika,Seidel,w,4894,Oberhofen am Irrsee,Rosenweg,5
Erich,Otto,m,4904,Atzbach,Moosweg,31
Claudia,Busch,w,4910,Ried im Innkreis,Föhrengasse,38
Susanne,Günther,w,4912,Neuhofen im Innkreis,Moosweg,88
Monika,Sommer,w,4920,Schildorn,Weidenweg,98
Willi,Hoffmann,m,4922,Geiersberg,Auweg,98
Renate,Otto,w,4924,Waldzell,Westautobahn,9
Gerda,Schmidt,w,4932,Kirchheim im Innkreis,Feldweg,86
Hans,Jung,m,4942,Gurten,Weinbergstraße,85
Marion,Hartmann,w,4950,Altheim,Panoramaweg,83
Ursula,Lange,w,4951,Polling im Innkreis,Bundesstraße,19
Helmut,Frank,m,4962,Mining,Kirchplatz,70
Ruth,Sauer,w,4970,Eitzing,Hangweg,81
Helmut,Schmidt,m,4975,Suben,Brunnenweg,25
Gertrud,Schmidt,w,4975,Suben,Obere Hauptstraße,7
Andrea,Hoffmann,w,4982,Obernberg am Inn,Friedhofweg,65
Hans,Scholz,m,4983,St. Georgen bei Obernberg am Inn,Johannesgasse,43
Matthias,Schreiber,m,4984,Weilbach,Eschenweg,30
Helmut,Berger,m,5010,Salzburg,Kirchenstraße,28
Birgit,Voigt,w,5023,Salzburg-Gnigl,Föhrenweg,79
Michael,Zimmermann,m,5023,Salzburg-Gnigl,Hoferweg,61
Christa,Pohl,w,5024,Salzburg,Schmiedgasse,14
Herbert,Müller,m,5071,Wals,Auweg,29
Renate,König,w,5082,Grödig,Wiesengasse,70
Birgit,Hofmann,w,5082,Grödig,Landstraße,17
Wilhelm,Albrecht,m,5091,Unken,Alte Straße,71
Petra,Richter,w,5120,St. Pantaleon,Rosenweg,27
Rudolf,Klein,m,5122,Ach,Dorfplatz,41
Georg,Keller,m,5131,Franking,Erlenweg,11
Maria,Maler,w,5144,Handenberg,Angerweg,22
Jutta,Groß,w,5145,Neukirchen an der Enknach,Fischerweg,47
Barbara,Roth,w,5145,Neukirchen an der Enknach,Blumenweg,6
Ralf,Vogel,m,5151,Nußdorf am Haunsberg,Parkgasse,6
Sandra,Schuster,w,5152,Michaelbeuern,Kreuzgasse,62
Sandra,Müller,w,5163,Mattsee,Kirchgasse,9
Gertrud,Pohl,w,5165,Berndorf bei Salzburg,Fichtenstraße,48
Karin,Albrecht,w,5203,Köstendorf,Feldgasse,44
Margarete,Schubert,w,5211,Friedburg,Verbindungsweg,6
Herbert,Haas,m,5211,Friedburg,Eichengasse,94
Josef,Hofmann,m,5225,Jeging,Blumenweg,69
Georg,Kaiser,m,5232,Kirchberg bei Mattighofen,Wiesenweg,66
Ute,Hartmann,w,5233,Pischelsdorf am Engelbach,Quergasse,62
Elisabeth,Richter,w,5272,Treubach,Kirchengasse,44
Christa,Beck,w,5303,Thalgau,Birkenstraße,1
Beate,Schmidt,w,5324,Faistenau,Westautobahn,67
Siegfried,Schulte,m,5340,St. Gilgen,Fischerweg,81
Frank,Berger,m,5340,St. Gilgen,Föhrengasse,84
Ulrike,Winkler,w,5350,Strobl,Graben,33
Alexander,Hartmann,m,5350,Strobl,Marktstraße,62
Klaus,Keller,m,5350,Strobl,Ahornstraße,18
Edith,Schmitz,w,5400,Hallein,Postgasse,59
Hildegard,Schmidt,w,5421,Adnet,Rosenweg,95
Peter,Schuster,m,5424,Bad Vigaun,Pfarrgasse,46
Sabine,Zimmermann,w,5425,Krispl,Schillerstraße,9
Werner,Lehmann,m,5431,Kuchl,Akazienweg,24
Matthias,Kühn,m,5450,Werfen,Blumengasse,100
Heinz,Schmidt,m,5500,Bischofshofen,Kreuzweg,56
Beate,Köhler,w,5511,Hüttau,Schloßweg,39
Jutta,Ludwig,w,5521,Niedernfritz,Blumengasse,92
Karl-Heinz,Brandt,m,5521,Niedernfritz,Mozartgasse,94
Renate,Möller,w,5522,St. Martin am Tennengebirge,Kurze Gasse,78
Michael,Hahn,m,5524,Annaberg,Bahnhofstraße,76
Helmut,Scholz,m,5524,Annaberg,Mitterweg,37
Hermann,König,m,5542,Flachau,Grenzweg,40
Elke,Müller,w,5550,Radstadt,Quergasse,67
Jürgen,Braun,m,5563,Tweng,Parkstraße,7
Jörg,Köhler,m,5575,Lessach,Erlengasse,15
Gertrud,Schuster,w,5591,Ramingstein,Feldweg,35
Wolfgang,Köhler,m,5591,Ramingstein,Schulgasse,41
Dieter,Köhler,m,5600,St. Johann im Pongau,Ziegelofengasse,27
Klaus,Groß,m,5600,St. Johann im Pongau,Bahnhofplatz,64
Irmgard,Schreiber,w,5600,St. Johann im Pongau,Sportplatzgasse,78
Edith,Müller,w,5602,Wagrain,Schlossgasse,62
Ingrid,Ludwig,w,5612,Hüttschlag,Feldweg,99
Franz,Möller,m,5620,Schwarzach im Pongau,Mitterweg,21
Michael,Becker,m,5620,Schwarzach im Pongau,Bundesstraße,45
Marion,Krämer,w,5630,Bad Hofgastein,Dammstraße,64
Birgit,Walter,w,5630,Bad Hofgastein,Bachweg,97
Christa,Peters,w,5640,Bad Gastein,Schloßstraße,3
Klaus,Schubert,m,5640,Bad Gastein,Industriestraße,85
Erika,Walter,w,5645,Böckstein,Buchenweg,95
Monika,Götz,w,5651,Lend,Lindenweg,88
Hannelore,Albrecht,w,5660,Taxenbach,Untere Hauptstraße,76
Siegfried,Groß,m,5660,Taxenbach,Kirchengasse,98
Michael,Fischer,m,5700,Zell am See,Eichenweg,78
Martin,Müller,m,5702,Zell am See-Schüttdorf,Gartenstraße,68
Gerhard,Frank,m,5722,Niedernsill,Grazer Straße,35
Wolfgang,Meier,m,5722,Niedernsill,Brunnengasse,97
Stefan,Huber,m,5731,Hollersbach im Pinzgau,Birkenstraße,19
Erich,Thomas,m,5732,Mühlbach,Bahnhofplatz,76
Hildegard,Weber,w,5742,Wald im Pinzgau,Schulstraße,48
Peter,Weiß,m,5751,Maishofen,Kirchenplatz,14
Hermann,Köhler,m,5751,Maishofen,Bergstraße,27
Angelika,Götz,w,5760,Saalfelden am Steinernen Meer,Industriestraße,56
Elke,Weiß,w,6022,Innsbruck,Kreuzweg,15
Elke,Schumacher,w,6022,Innsbruck,Bahngasse,45
Johann,Frank,m,6028,Innsbruck Technologiezentrum,Augasse,12
Alfred,Vogel,m,6028,Innsbruck Technologiezentrum,Eichenweg,53
Franz,Graf,m,6029,Innsbruck,Nelkengasse,72
Jutta,Müller,w,6034,Innsbruck,Birkenstraße,56
Susanne,Schmidt,w,6035,Innsbruck,Berggasse,59
Monika,Schulte,w,6060,Hall in Tirol,Erlenweg,20
Karin,Huber,w,6064,Rum,Siedlungsstraße,9
Marianne,Sauer,w,6065,Thaur,Römerstraße,1
Doris,Schulz,w,6071,Aldrans,Fischergasse,25
Siegfried,Wolf,m,6073,Sistrans,Fliederweg,83
Christian,Jung,m,6074,Rinn,Hauptstraße,20
Heinz,Fuchs,m,6074,Rinn,Obere Hauptstraße,14
Hannelore,Keller,w,6082,Patsch,Am Graben,28
Petra,Meier,w,6083,Ellbögen,Föhrenweg,27
Karl-Heinz,Weiß,m,6094,Axams,Sportplatzweg,7
Anna,Voigt,w,6095,Grinzens,Weidenweg,56
Christine,Kraus,w,6095,Grinzens,Lindenstraße,49
Elfriede,Schreiber,w,6100,Seefeld in Tirol,Grillparzerstraße,90
Martina,Pfeiffer,w,6103,Reith bei Seefeld,Mühlweg,70
Wolfgang,Sommer,m,6105,Leutasch,Kapellenweg,77
Gerhard,Peters,m,6114,Kolsass,Gartenweg,23
Margarete,Hofmann,w,6115,Kolsassberg,Rosengasse,3
Horst,Kühn,m,6134,Vomp,Quellenweg,12
Jürgen,Albrecht,m,6135,Stans,Klostergasse,5
Herbert,Pohl,m,6141,Schönberg im Stubaital,Landstraße,25
Jutta,König,w,6143,Matrei am Brenner,Höhenweg,36
Doris,Krüger,w,6143,Matrei am Brenner,Birkengasse,89
Josef,Koch,m,6145,Navis,Dammstraße,59
Rainer,Mayer,m,6152,Trins,Grillparzerstraße,91
Birgit,Meier,w,6161,Natters,Fischerweg,61
Kerstin,Beck,w,6167,Neustift im Stubaital,Kirchenstraße,10
Ilse,Weiß,w,6170,Zirl,Weinberggasse,23
Helga,Schulz,w,6175,Kematen in Tirol,Ahornweg,89
Franz,Engel,m,6176,Völs,Mozartgasse,96
Monika,Hahn,w,6177,Völs,Blumenweg,57
Karl,Neumann,m,6183,Kühtai,Birkenweg,16
Günter,Müller,m,6183,Kühtai,Kellergasse,22
Claudia,Weber,w,6215,Achenkirch,Bäckergasse,25
Ute,Weber,w,6220,Buch in Tirol,Schulweg,44
Ingeborg,Winkler,w,6220,Buch in Tirol,Florianigasse,82
Franz,Seidel,m,6222,Gallzein,Bahnstraße,25
Helga,Horn,w,6222,Gallzein,Waldstraße,5
Renate,Fuchs,w,6234,Brandenberg,Kirchgasse,26
Erich,Wolf,m,6236,Alpbach,Parkgasse,42
Martin,Schwarz,m,6250,Kundl,Donauradweg,10
Stefan,Sommer,m,6260,Bruck am Ziller,Seestraße,67
Wilhelm,Maier,m,6260,Bruck am Ziller,Brunnengasse,50
Kerstin,Bauer,w,6261,Strass im Zillertal,Erlenweg,36
Heinz,Berger,m,6273,Ried im Zillertal,Kirchweg,16
Elisabeth,Schmidt,w,6273,Ried im Zillertal,Kreuzweg,21
Ilse,Heinrich,w,6274,Aschau,Wiesengasse,40
Hannelore,Brandt,w,6275,Stumm,Hangweg,57
Walter,Werner,m,6276,Stummerberg,Bachstraße,96
Rainer,Albrecht,m,6278,Hainzenberg,Moosweg,36
Joachim,Baumann,m,6281,Gerlos,Jägerweg,57
Sandra,Schmidt,w,6294,Hintertux,Dammweg,89
Marianne,Ludwig,w,6321,Angath,Eichengasse,68
Markus,Berger,m,6336,Langkampfen,Kapellenweg,20
Elfriede,Köhler,w,6336,Langkampfen,Friedhofstraße,20
Doris,Günther,w,6344,Walchsee,Sportplatzstraße,34
Christian,Maier,m,6344,Walchsee,Schubertstraße,10
Hans,Neumann,m,6344,Walchsee,Seestraße,56
Siegfried,König,m,6347,Rettenschöss,Mühlenweg,95
Ute,Walter,w,6353,Going am Wilden Kaiser,Ringstraße,71
Wilhelm,Dietrich,m,6364,Brixen im Thale,Sportplatzweg,49
Hannelore,Stein,w,6364,Brixen im Thale,Föhrenweg,20
Uwe,Sommer,m,6370,Kitzbühel,Fischerweg,19
Johann,Arnold,m,6371,Aurach,Höhenweg,15
Erika,Hahn,w,6373,Jochberg,Fasangasse,41
Werner,Schmitz,m,6403,Flaurling,Grenzgasse,96
Gertrud,Franke,w,6406,Oberhofen im Inntal,Dammweg,34
Walter,Schwarz,m,6406,Oberhofen im Inntal,Kellergasse,48
Rudolf,Weiß,m,6430,Ötztal Bahnhof,Weidenweg,88
Heinrich,Voigt,m,6432,Sautens,Am Berg,59
Klaus,Franke,m,6433,Oetz,Sandgasse,37
Karl-Heinz,Peters,m,6444,Längenfeld,Kreuzweg,30
Angelika,Köhler,w,6450,Sölden,Roseggerstraße,98
Karl-Heinz,Schmid,m,6452,Hochsölden,Birkenweg,20
Christa,Weiß,w,6458,Vent,Bahnhofstraße,93
Matthias,Wagner,m,6458,Vent,Industriestraße,32
Karl-Heinz,Schwarz,m,6458,Vent,Hauptplatz,61
Jutta,Böhm,w,6465,Nassereith,Linzer Straße,19
Siegfried,Beck,m,6474,Jerzens,Fischergasse,84
Josef,Klein,m,6492,Imsterberg,Buchenweg,31
Claudia,Schmid,w,6511,Zams,Hoferweg,58
Bernd,König,m,6521,Fließ,Bahnweg,41
Christine,Schmitz,w,6522,Prutz,Kirchenstraße,71
Stefan,Werner,m,6532,Ladis,Salzburger Straße,71
Heinrich,Klein,m,6533,Fiss,Schloßweg,46
Anna,Schmidt,w,6534,Serfaus,Kreuzweg,0
Angelika,Koch,w,6542,Pfunds,Schubertstraße,39
Johann,Schmid,m,6543,Nauders,Schloßstraße,73
Edith,Möller,w,6543,Nauders,Dammweg,60
Joachim,Roth,m,6552,Tobadill,Quellenweg,79
Wolfgang,Hoffmann,m,6561,Ischgl,Mühlweg,14
Karl,Kuhn,m,6562,Mathon,Kurze Gasse,64
Johann,Pfeiffer,m,6574,Pettneu am Arlberg,Am Sonnenhang,34
Ruth,Haas,w,6574,Pettneu am Arlberg,Heideweg,45
Stefan,Braun,m,6600,Reutte,Erlenweg,38
Monika,Mayer,w,6632,Ehrwald,Untere Hauptstraße,49
Martina,Roth,w,6645,Vorderhornbach,Teichstraße,46
Renate,Becker,w,6653,Bach,Leitenweg,88
Erika,Wagner,w,6671,Weißenbach am Lech,Seestraße,69
Maria,Haas,w,6672,Nesselwängle,Panoramaweg,62
Gerhard,Schäfer,m,6677,Schattwald,Badstraße,82
Beate,Hahn,w,6700,Bludenz,Industriestraße,3
Heike,Ludwig,w,6701,Bludenz Postfach,Alte Bundesstraße,91
Uwe,Wagner,m,6707,Bürserberg,Kapellenweg,5
Andrea,Krämer,w,6708,Brand,Herrengasse,59
Heinrich,Martin,m,6714,Nüziders,Arbeitergasse,56
Günter,Ziegler,m,6719,Bludesch,Tiroler Straße,32
Elke,Koch,w,6719,Bludesch,Kirchenplatz,22
Hans,Albrecht,m,6721,Thüringerberg,Friedhofstraße,94
Sandra,Beck,w,6731,Sonntag,Sportplatzgasse,92
Andreas,Hoffmann,m,6741,Raggal,Weidenweg,99
Heinrich,Otto,m,6764,Lech,Au,44
Hildegard,Pfeiffer,w,6774,Tschagguns,Teichstraße,6
Kurt,Köhler,m,6780,Schruns,Fischergasse,80
Sabine,Peters,w,6780,Schruns,Gewerbestraße,2
Jutta,Baumann,w,6781,Bartholomäberg,Uferstraße,24
Johann,Winkler,m,6782,Silbertal,Pfarrgasse,25
Gisela,Müller,w,6787,Gargellen,Ahornweg,98
Martina,Stein,w,6792,Gortipohl,Föhrenweg,8
Doris,Schulze,w,6793,Gaschurn,Sackgasse,35
Ilse,Wagner,w,6794,Partenen,Getreidegasse,63
Christa,Schumacher,w,6794,Partenen,Fichtenweg,73
Beate,Richter,w,6803,Feldkirch,Jägerweg,33
Andrea,Müller,w,6803,Feldkirch,Verbindungsweg,85
Ursula,Köhler,w,6804,Feldkirch-Altenstadt,Grabenweg,99
Werner,Weber,m,6806,Feldkirch-Tosters,Gartenweg,24
Susanne,Winkler,w,6806,Feldkirch-Tosters,Grenzgasse,14
Kurt,Sauer,m,6806,Feldkirch-Tosters,Dorfstraße,72
Monika,Kuhn,w,6807,Feldkirch-Tisis,Ahornstraße,38
Margarete,Schneider,w,6820,Frastanz,Blumenweg,43
Sabine,Schröder,w,6822,Satteins,Badgasse,32
Wilhelm,Lorenz,m,6824,Schlins,Friedhofstraße,22
Wolfgang,Schulte,m,6830,Rankweil,Eichenstraße,15
Petra,Maler,w,6834,Übersaxen,Moosweg,85
Heike,Werner,w,6836,Viktorsberg,Schillerstraße,61
Norbert,Schubert,m,6851,Dornbirn Postfach,Sportplatzstraße,41
Bernd,Lang,m,6851,Dornbirn Postfach,Wiener Straße,84
Rainer,Bauer,m,6858,Schwarzach,Kreuzweg,60
Renate,Müller,w,6866,Andelsbuch,Fichtenweg,21
Renate,Hoffmann,w,6866,Andelsbuch,Tiroler Straße,41
Erich,Berger,m,6870,Bezau,Fischergasse,23
Brigitte,Müller,w,6883,Au,Roseggerstraße,72
Willi,Meier,m,6902,Bregenz,Föhrengasse,60
Rudolf,Kraus,m,6911,Lochau,Dorfstraße,86
Rolf,Franke,m,6912,Hörbranz,Angergasse,81
Anja,Lorenz,w,6912,Hörbranz,Kirchengasse,63
Anneliese,Bergmann,w,6921,Kennelbach,Fischerweg,58
Rolf,Meyer,m,6921,Kennelbach,Amselweg,94
Karl,Wagner,m,6923,Lauterach,Friedhofstraße,64
Susanne,Pohl,w,6942,Krumbach,Bahnhofplatz,86
Joachim,Otto,m,6951,Lingenau,Eschenweg,30
Matthias,Graf,m,6961,Wolfurt-Bahnhof Postfach,Linzer Straße,81
Martin,Vogel,m,6971,Hard,Am Berg,53
Birgit,Braun,w,6973,Höchst,Kirchenstraße,55
Angelika,Schulz,w,6973,Höchst,Klostergasse,45
Alfred,Müller,m,6993,Mittelberg,Neubaugasse,79
Elisabeth,Fuchs,w,7001,Eisenstadt Postfach,Fischergasse,18
Siegfried,Böhm,m,7013,Klingenbach,Am Anger,1
Karl,Krause,m,7024,Hirm,Flurweg,77
Hermann,Bergmann,m,7031,Krensdorf,Schubertstraße,43
Karl,Wolf,m,7034,Zillingtal,Mitterweg,6
Werner,Götz,m,7035,Steinbrunn,Am Berg,3
Martina,Wagner,w,7052,Müllendorf,Verbindungsweg,80
Jutta,Möller,w,7052,Müllendorf,Schulstraße,82
Irmgard,Schmidt,w,7061,Trausdorf an der Wulka,Dorfplatz,59
Monika,Günther,w,7063,Oggau,Teichgasse,39
Hannelore,Schmidt,w,7082,Donnerskirchen,Römerweg,57
Brigitte,Zimmermann,w,7082,Donnerskirchen,Hubertusweg,40
Edith,Hahn,w,7091,Breitenbrunn am Neusiedler See,Weinberggasse,23
Maria,Wolf,w,7091,Breitenbrunn am Neusiedler See,Hangweg,92
Jörg,Günther,m,7091,Breitenbrunn am Neusiedler See,Kurze Gasse,93
Herbert,Ludwig,m,7093,Jois,Kirchgasse,99
Ilse,Neumann,w,7143,Apetlon,Marktplatz,21
Gabriele,Franke,w,7151,Wallern im Burgenland,Buchengasse,62
Anna,Pohl,w,7151,Wallern im Burgenland,Haydngasse,19
Marianne,Meyer,w,7152,Pamhagen,Tannenweg,92
Petra,Hofmann,w,7202,Bad Sauerbrunn,Weinbergstraße,72
Marion,Ziegler,w,7210,Mattersburg,Bergstraße,66
Ilse,Brandt,w,7222,Rohrbach bei Mattersburg,Schmiedgasse,95
Joachim,Müller,m,7302,Nikitsch,Bergweg,29
Elisabeth,Voigt,w,7304,Großwarasdorf,Waldweg,84
Kerstin,Albrecht,w,7311,Neckenmarkt,Fasangasse,97
Heinrich,Stein,m,7311,Neckenmarkt,Tulpengasse,23
Elisabeth,Kuhn,w,7342,Kaisersdorf,Uferstraße,53
Inge,Müller,w,7343,Neutal,Markt,24
Helmut,Pfeiffer,m,7412,Wolfau,Mühlweg,4
Waltraud,Müller,w,7421,Tauchen-Schaueregg,Brunnengasse,89
Bernd,Kühn,m,7422,Riedlingsdorf,Mitterweg,70
Gabriele,Jäger,w,7423,Pinkafeld,Tulpenweg,29
Margarete,Engel,w,7423,Pinkafeld,Wiesenweg,58
Heinrich,Winkler,m,7423,Pinkafeld,Buchengasse,65
Siegfried,Voigt,m,7432,Oberschützen,Bahngasse,3
Andrea,Zimmermann,w,7444,Mannersdorf an der Rabnitz,Waldweg,11
Ulrike,Möller,w,7451,Oberloisdorf,Sackgasse,22
Günter,Peters,m,7452,Unterpullendorf,Sportplatzgasse,40
Jutta,Schmidt,w,7471,Rechnitz,Rosenweg,33
Claudia,Peters,w,7473,Hannersdorf,Bachstraße,33
Claudia,Engel,w,7473,Hannersdorf,Mitterweg,15
Helga,Berger,w,7474,Deutsch Schützen,Grenzgasse,71
Anja,Keller,w,7504,Jabing,Klostergasse,74
Dieter,Winkler,m,7504,Jabing,Inntal Autobahn,11
Andreas,Haas,m,7522,Strem,Brunnengasse,89
Karin,Simon,w,7522,Strem,Eichengasse,59
Christa,Becker,w,7522,Strem,Föhrengasse,52
Markus,Zimmermann,m,7532,Litzelsdorf,Kirchenplatz,5
Norbert,Meier,m,7534,Olbendorf,Am Sonnenhang,40
Anneliese,Vogel,w,7534,Olbendorf,Weinberggasse,84
Rainer,Müller,m,7535,St. Michael im Burgenland,Verbindungsweg,32
Andrea,Haas,w,7535,St. Michael im Burgenland,Neubaugasse,48
Erich,Krause,m,7540,Güssing,Ziegelofengasse,10
Anneliese,Müller,w,7551,Stegersbach,Weinberggasse,69
Christine,Schröder,w,7552,Stinatz,Waldweg,55
Hildegard,Krüger,w,7552,Stinatz,Weinberggasse,55
Markus,Böhm,m,7563,Königsdorf,Schulgasse,1
Anja,Braun,w,7563,Königsdorf,Schmiedgasse,80
Josef,Schuster,m,7564,Dobersdorf,Rosengasse,40
Ruth,Vogel,w,7571,Rudersdorf,Berggasse,63
Anneliese,Heinrich,w,7572,Deutsch Kaltenbrunn,Eichenweg,42
Thomas,Schmidt,m,8000,Graz,Auweg,98
Rudolf,Winkler,m,8007,Graz,Römerstraße,33
Christine,Huber,w,8008,Graz,Flurweg,33
Werner,Kraus,m,8008,Graz,Obere Hauptstraße,68
Inge,Maier,w,8017,Graz,Kirchweg,41
Werner,Schulze,m,8017,Graz,Marktplatz,7
Monika,Scholz,w,8018,Graz,Donauradweg,32
Birgit,Böhm,w,8020,Graz,Lindenweg,55
Matthias,Thomas,m,8020,Graz,Schubertstraße,17
Bernhard,Schäfer,m,8022,Graz,Schubertgasse,22
Brigitte,Graf,w,8024,Graz,Dorf,78
Johann,Vogt,m,8036,Graz,Hochstraße,52
Margarete,Schmid,w,8043,Graz-Kroisbach,Herrengasse,64
Edith,Schulze,w,8046,Graz-St. Veit,Markt,57
Michael,Weber,m,8048,Graz-Liebenau,Schulweg,60
Doris,Schulze,w,8050,Thal,Grillparzerstraße,66
Petra,Lorenz,w,8052,Graz-Wetzelsdorf,Kirchengasse,87
Norbert,Bauer,m,8052,Graz-Wetzelsdorf,Schillerstraße,64
Gabriele,Friedrich,w,8053,Graz-Neuhart,Mitterweg,29
Dieter,Meier,m,8054,Graz-Straßgang,Feldstraße,32
Marianne,Maier,w,8061,St. Radegund bei Graz,Gartenstraße,78
Elke,Schmidt,w,8062,Kumberg,Birkenstraße,64
Gertrud,Seidel,w,8063,Eggersdorf bei Graz,Weidenweg,54
Hannelore,Arnold,w,8072,Fernitz,Inntal Autobahn,7
Doris,Horn,w,8073,Feldkirchen bei Graz,Dorf,31
Andrea,Schmid,w,8074,Raaba,Lindenweg,70
Rolf,Albrecht,m,8074,Raaba,Friedhofstraße,32
Heinz,Müller,m,8074,Raaba,Süd Autobahn,94
Martina,Günther,w,8081,Heiligenkreuz am Waasen,Dammweg,64
Ruth,Müller,w,8083,St. Stefan im Rosental,Buchenweg,63
Peter,Müller,m,8091,Jagerberg,Gartengasse,59
Gerhard,Heinrich,m,8114,Stübing,Quergasse,42
Kerstin,Berger,w,8120,Peggau,Flurgasse,32
Karin,Koch,w,8130,Frohnleiten,Raiffeisenstraße,36
Margarete,Simon,w,8162,Passail,Dorf,32
Michael,Voigt,m,8181,St. Ruprecht an der Raab,Kirchweg,48
Anneliese,Götz,w,8183,Floing,Fichtenweg,67
Ingeborg,Bauer,w,8191,Koglhof,Johannesgasse,79
Beate,Sauer,w,8191,Koglhof,Eichengasse,64
Heinz,Klein,m,8191,Koglhof,Teichweg,65
Gerda,Huber,w,8191,Koglhof,Donauradweg,14
Karl,Lorenz,m,8201,Gleisdorf,Mozartstraße,57
Herbert,Ziegler,m,8211,Großpesendorf,Kapellenweg,39
Kerstin,Neumann,w,8241,Dechantskirchen,Schillerstraße,45
Herbert,Schmidt,m,8251,Bruck an der Lafnitz,Dammweg,79
Jörg,Zimmermann,m,8252,Mönichwald,Hangweg,67
Waltraud,Dietrich,w,8255,St. Jakob,Lerchengasse,52
Willi,Lehmann,m,8274,Buch,Gartenweg,30
Ingeborg,Werner,w,8274,Buch,Bergstraße,25
Ilse,Schmidt,w,8282,Loipersdorf bei Fürstenfeld,Lärchenweg,66
Erika,Hoffmann,w,8282,Loipersdorf bei Fürstenfeld,Schmiedgasse,91
Sandra,Kuhn,w,8282,Loipersdorf bei Fürstenfeld,Neubaugasse,35
Frank,Schäfer,m,8291,Burgau,Am Sonnenhang,99
Alexander,Neumann,m,8295,St. Johann in der Haide,Schloßweg,31
Angelika,Schmidt,w,8295,St. Johann in der Haide,Schubertstraße,81
Wolfgang,Fuchs,m,8301,Laßnitzhöhe,Industriestraße,38
Ulrich,Winter,m,8313,Breitenfeld an der Rittschein,Dammstraße,24
Willi,Müller,m,8324,Kirchberg an der Raab,Bachstraße,99
Klaus,Schmidt,m,8333,Riegersburg,Rosenweg,47
Markus,Ziegler,m,8341,Paldau,Linzer Straße,4
Anneliese,Krause,w,8341,Paldau,Kirchgasse,9
Sandra,Keller,w,8342,Gnas,Hoferweg,77
Petra,Schuster,w,8382,Mogersdorf,Kirchengasse,64
Gerda,Müller,w,8384,Minihof-Liebau,Am Graben,7
Josef,Braun,m,8403,Lebring,Ringstraße,80
Frank,Beck,m,8403,Lebring,Heideweg,65
Georg,Sauer,m,8403,Lebring,Dammstraße,90
Ulrike,Keller,w,8410,Wildon,Rosenweg,73
Angelika,Stein,w,8412,Allerheiligen bei Wildon,Bachstraße,92
Erika,Hofmann,w,8422,St. Nikolai ob Draßling,Jägersteig,99
Michael,Schmidt,m,8430,Leibnitz,Gartenweg,85
Margarete,Schulz,w,8434,Tillmitsch Links der Laßnitz,Mühlweg,20
Gerhard,Baumann,m,8444,St. Andrä im Sausal,Mozartstraße,52
Stefan,Horn,m,8454,Arnfels,Süd Autobahn,12
Günter,Vogel,m,8455,Oberhaag,Schloßweg,99
Martina,Jäger,w,8455,Oberhaag,Heideweg,27
Karin,Weiß,w,8455,Oberhaag,Seestraße,9
Sabine,Müller,w,8461,Ehrenhausen,Moosweg,40
Heinrich,Hartmann,m,8461,Ehrenhausen,Ringstraße,73
Sandra,Ziegler,w,8462,Gamlitz,Kreuzgasse,99
Gertrud,Scholz,w,8481,Weinburg am Saßbach,Rathausplatz,47
Gertrud,Zimmermann,w,8482,Gosdorf,Schulgasse,42
Uwe,Kraus,m,8484,Unterpurkla,Eichengasse,67
Gerhard,Simon,m,8490,Bad Radkersburg,Bäckergasse,33
Doris,Lang,w,8490,Bad Radkersburg,Neugasse,99
Martin,Schulz,m,8493,Klöch,Postgasse,96
Klaus,Vogt,m,8493,Klöch,Neubaugasse,34
Stefan,Koch,m,8502,Lannach,Grenzgasse,19
Claudia,Vogt,w,8506,Mettersdorf,Mozartstraße,91
Barbara,Müller,w,8522,Groß St. Florian,Friedhofgasse,65
Ursula,Lang,w,8530,Deutschlandsberg,Mühlweg,24
Heike,Bergmann,w,8543,St. Martin im Sulmtal,Bachstraße,39
Inge,Beck,w,8544,Pölfing-Brunn,Bahnhofplatz,7
Petra,Schubert,w,8552,Eibiswald,Bachweg,10
Sabine,Meyer,w,8552,Eibiswald,Quellenweg,35
Stefan,Schuster,m,8554,Soboth,Auweg,81
Ulrike,Vogt,w,8555,Wernersdorf,Lärchenweg,93
Heinz,Bergmann,m,8563,Ligist,Bachgasse,25
Willi,Braun,m,8565,St. Johann ob Hohenburg,Linzer Straße,69
Ulrich,Herrmann,m,8572,Bärnbach,Teichgasse,98
Frank,Krämer,m,8572,Bärnbach,Postgasse,9
Heinz,Schwarz,m,8580,Köflach,Grenzgasse,20
Rolf,Mayer,m,8581,Köflach-Pichling,Angerweg,28
Walter,Müller,m,8583,Edelschrott,Mühlgasse,56
Heike,Schmidt,w,8591,Maria Lankowitz,Mitterweg,77
Andreas,Schmidt,m,8591,Maria Lankowitz,Jägersteig,24
Matthias,Zimmermann,m,8592,Salla,Angergasse,34
Werner,Werner,m,8600,Bruck an der Mur,Nelkengasse,69
Rainer,Schubert,m,8608,Parschlug,Augasse,40
Doris,Schmidt,w,8612,Tragöß-Oberort,Römerstraße,9
Markus,Krause,m,8614,Breitenau,Schlossgasse,98
Kerstin,Winter,w,8630,Mariazell,Flurgasse,17
Heinrich,Sauer,m,8642,St. Lorenzen im Mürztal,Kurze Gasse,21
Christa,Huber,w,8653,Stanz im Mürztal,Tiroler Straße,24
Elisabeth,Ziegler,w,8654,Fischbach,Friedhofgasse,78
Inge,Franke,w,8661,Wartberg im Mürztal,Bachstraße,97
Gabriele,Voigt,w,8671,Alpl,Finkenweg,34
Markus,Müller,m,8673,Ratten,Bachgasse,44
Wolfgang,Arnold,m,8685,Steinhaus am Semmering,Grenzgasse,99
Irmgard,Kraus,w,8693,Mürzsteg,Bahngasse,26
Josef,Kühn,m,8701,Leoben,Schulstraße,4
Franz,Koch,m,8707,Leoben,Bergweg,81
Bernhard,Hoffmann,m,8714,Kraubath an der Mur,Bachweg,5
Irmgard,Wolf,w,8715,St. Lorenzen bei Knittelfeld,Schillerstraße,73
Helmut,Baumann,m,8723,Kobenz,Untere Hauptstraße,82
Andreas,Schneider,m,8723,Kobenz,Dammstraße,18
Marianne,Schmidt,w,8724,Spielberg,Finkenweg,19
Hildegard,Götz,w,8724,Spielberg,Föhrengasse,68
Anja,Fuchs,w,8734,Großlobming,Hauptstraße,28
Ilse,Schneider,w,8734,Großlobming,Roseggergasse,99
Helmut,Heinrich,m,8754,Thalheim,Bäckergasse,51
Gabriele,Möller,w,8755,St. Peter ob Judenburg,Kreuzgasse,18
Renate,Klein,w,8762,Oberzeiring,Badgasse,97
Waltraud,Schreiber,w,8764,Pusterwald,Kreuzgasse,71
Waltraud,Winter,w,8765,St. Johann am Tauern,Wiener Straße,45
Ralf,Horn,m,8770,St. Michael in Obersteiermark,Erlenweg,85
Monika,Baumann,w,8772,Timmersdorf,Verbindungsweg,73
Gisela,Kühn,w,8772,Timmersdorf,Römerweg,55
Marion,Schmidt,w,8775,Kalwang,Birkenstraße,32
Erika,Krämer,w,8781,Wald am Schoberpaß,Friedhofweg,4
Hans,Thomas,m,8781,Wald am Schoberpaß,Birkenstraße,40
Edith,Albrecht,w,8784,Trieben,Schillerstraße,80
Irmgard,Scholz,w,8785,Hohentauern,Schulstraße,52
Anja,Haas,w,8786,Rottenmann,Wiesengasse,65
Christa,Bauer,w,8795,Radmer,Obere Hauptstraße,29
Christa,Frank,w,8800,Unzmarkt,Eichengasse,47
Walter,Schulte,m,8813,St. Lambrecht,Bundesstraße,10
Gerhard,Winter,m,8820,Neumarkt in Steiermark,Römerstraße,82
Matthias,Lang,m,8831,Niederwölz,Lindenweg,20
Inge,Jung,w,8832,Oberwölz,Bahnhofplatz,59
Hermann,Ziegler,m,8862,Stadl an der Mur,Graben,84
Erika,Schmidt,w,8863,Predlitz,Lindenstraße,99
Susanne,Peters,w,8900,Selzthal,Mühlenweg,1
Uwe,Voigt,m,8903,Lassing,Badstraße,26
Heike,Richter,w,8913,Weng,Fichtenweg,88
Thomas,Vogt,m,8913,Weng,Feldstraße,24
Heike,Krause,w,8921,Lainbach,Haydngasse,69
Hannelore,Kuhn,w,8932,Weißenbach an der Enns,Schubertgasse,16
Bernd,Thomas,m,8950,Stainach,Dammstraße,20
Ingrid,Schmidt,w,8965,Pruggern,Rosengasse,44
Inge,Schmidt,w,8966,Aich-Assach,Mozartgasse,24
Anja,Schmidt,w,8967,Haus,Bahnhofstraße,72
Helga,Bauer,w,8972,Ramsau,Bahngasse,75
Wilhelm,Frank,m,8972,Ramsau,Seestraße,39
Günter,Meyer,m,8990,Bad Aussee,Moosweg,11
Joachim,Walter,m,9000,Villach,Schlossgasse,56
Elfriede,Otto,w,9021,Klagenfurt am Wörthersee Postfach,Amselweg,59
Erika,Zimmermann,w,9022,Klagenfurt am Wörthersee,Tulpenweg,85
Martina,Busch,w,9022,Klagenfurt am Wörthersee,Höhenstraße,56
Uwe,König,m,9024,Klagenfurt am Wörthersee,Kellergasse,69
Hermann,Weber,m,9034,Klagenfurt,Augasse,100
Claudia,Jäger,w,9074,Keutschach,Bachweg,34
Marianne,Hofmann,w,9130,Poggersdorf,Stelzhamerstraße,25
Ursula,Möller,w,9130,Poggersdorf,Neugasse,75
Bernd,Ziegler,m,9132,Gallizien,Waldstraße,97
Gerda,Thomas,w,9132,Gallizien,Birkengasse,32
Maria,Müller,w,9132,Gallizien,Föhrengasse,56
Franz,Kühn,m,9135,Bad Eisenkappel,Bahngasse,39
Gerhard,Schreiber,m,9142,Globasnitz,Buchenstraße,4
Herbert,Bauer,m,9155,Neuhaus,Bahnhofplatz,81
Anja,Schumacher,w,9161,Maria Rain,Waldstraße,63
Rolf,Becker,m,9170,Ferlach,Marktstraße,49
Gisela,Albrecht,w,9172,Zell-Pfarre,Friedhofweg,10
Angelika,Roth,w,9173,St. Margareten im Rosental,Markt,61
Karl-Heinz,Hahn,m,9181,Feistritz im Rosental,Kirchgasse,29
Walter,Vogt,m,9184,St. Jakob im Rosental,Fichtenstraße,92
Rainer,Krüger,m,9184,St. Jakob im Rosental,Schloßweg,67
Ulrike,Vogel,w,9231,Köstenberg,Klostergasse,78
Brigitte,Haas,w,9323,Wildbad Einöd,Gewerbestraße,86
Ulrich,Schubert,m,9360,Friesach,Obere Hauptstraße,43
Anja,Hahn,w,9362,Grades,Schillerstraße,69
Anna,Jäger,w,9411,St. Michael,Friedhofgasse,79
Hans,Schubert,m,9412,St. Margarethen im Lavanttal,Sportplatzstraße,87
Wolfgang,Groß,m,9433,St. Andrä,Tulpengasse,21
Marianne,Kraus,w,9462,Bad St. Leonhard im Lavanttal,Wassergasse,12
Franz,Pohl,m,9501,Villach,Bundesstraße,77
Gisela,Schmidt,w,9505,Villach,Untere Hauptstraße,18
Angelika,Haas,w,9507,Villach,Hochstraße,6
Heinz,Möller,m,9509,Zauchen,Gartenstraße,97
Birgit,Graf,w,9509,Zauchen,Schulstraße,31
Karl,Becker,m,9510,Villach,Gewerbestraße,35
Alexander,Müller,m,9510,Villach,Parkgasse,73
Anja,Werner,w,9520,Sattendorf,Fliederweg,72
Joachim,Lange,m,9523,Villach-Landskron,Am Anger,47
Gertrud,Wolf,w,9541,Einöde,Mühlweg,57
Anja,Böhm,w,9542,Afritz,Fliederweg,14
Joachim,Herrmann,m,9542,Afritz,Marktstraße,3
Georg,Hartmann,m,9555,Glanegg,Parkgasse,55
Jutta,Götz,w,9560,Feldkirchen in Kärnten,Quellenweg,90
Margarete,Berger,w,9562,Himmelberg,Friedhofweg,5
Michael,Werner,m,9562,Himmelberg,Bahngasse,80
Joachim,Köhler,m,9563,Gnesau,Teichgasse,93
Werner,Braun,m,9571,Sirnitz,Grabenweg,22
Stefan,Hoffmann,m,9580,Villach-Drobollach am Faaker See,Badstraße,94
Anna,Albrecht,w,9580,Villach-Drobollach am Faaker See,Landstraße,98
Ulrich,Groß,m,9582,Latschach,Bachweg,39
Gisela,Hofmann,w,9584,Finkenstein,Finkenweg,87
Anna,Weber,w,9585,Gödersdorf,Schubertgasse,35
Monika,Böhm,w,9586,Fürnitz,Gartenweg,1
Andrea,Schmidt,w,9587,Riegersdorf,Schulweg,82
Horst,Schubert,m,9601,Arnoldstein,Rathausplatz,12
Hildegard,Otto,w,9614,Vorderberg,Kurze Gasse,67
Ralf,Werner,m,9622,Weißbriach,Römerstraße,48
Ralf,Schuster,m,9623,St. Stefan an der Gail,Grillparzerstraße,59
Manfred,Friedrich,m,9624,Egg,Bachstraße,53
Johann,Müller,m,9624,Egg,Gartengasse,53
Ruth,Schmidt,w,9625,St. Stefan an der Gail,Waldgasse,33
Angelika,Krüger,w,9651,St. Jakob im Lesachtal,Haydngasse,94
Rolf,Schulze,m,9651,St. Jakob im Lesachtal,Parkstraße,71
Karin,Müller,w,9711,Paternion,Teichstraße,23
Rainer,Weber,m,9722,Gummern,Schubertstraße,86
Frank,Köhler,m,9751,Sachsenburg,Haydngasse,7
Hildegard,Voigt,w,9753,Lind im Drautal,Lerchengasse,26
Elisabeth,Neumann,w,9753,Lind im Drautal,Auweg,98
Hans,Sommer,m,9761,Greifenburg,Arbeitergasse,14
Helmut,Zimmermann,m,9761,Greifenburg,Ahornweg,4
Anneliese,Hahn,w,9802,Spittal an der Drau,Rosengasse,75
Ulrike,Becker,w,9821,Obervellach,Schloßstraße,83
Ingrid,Friedrich,w,9821,Obervellach,Tannenweg,70
Thomas,Krüger,m,9832,Stall,Finkenweg,84
Ruth,Dietrich,w,9841,Winklern,Westautobahn,42
Hildegard,Bauer,w,9844,Heiligenblut,Parkstraße,51
Klaus,Klein,m,9862,Kremsbrücke,Kirchweg,56
Susanne,Müller,w,9873,Döbriach,Eschenweg,49
Werner,Schmidt,m,9873,Döbriach,Friedhofgasse,22
Gertrud,Walter,w,9904,Thurn,Sportplatzstraße,40
Dieter,Frank,m,9913,Abfaltersbach,Untere Hauptstraße,70
Beate,Müller,w,9932,Innervillgraten,Florianigasse,52
Manfred,Schmidt,m,9951,Ainet,Bachgasse,55
Waltraud,Hofmann,w,9952,St. Johann im Walde,Lerchengasse,57
Norbert,Huber,m,9954,Schlaiten,Waldstraße,91
Peter,Herrmann,m,9954,Schlaiten,Landstraße,19
Christian,Wagner,m,9972,Virgen,Höhenweg,88
Anna,Pfeiffer,w,9990,Nußdorf-Debant,Schulgasse,27
Ralf,Meyer,m,9991,Dölsach,Buchenstraße,48
Barbara,Frank,w,9992,Iselsberg-Stronach,Gartengasse,34
